{
 "actions": [],
 "autoname": "autoincrement",
 "creation": "2023-03-08 16:06:53.927535",
 "doctype": "DocType",
 "editable_grid": 1,
 "engine": "InnoDB",
 "field_order": [
  "employee_name",
  "designation",
  "biometric_id",
  "employee_category"
 ],
 "fields": [
  {
   "fieldname": "employee_name",
   "fieldtype": "Link",
   "in_list_view": 1,
   "label": "Employee Name",
   "options": "Employee"
  },
  {
   "fetch_from": "employee_name.designation",
   "fieldname": "designation",
   "fieldtype": "Link",
   "in_list_view": 1,
   "label": "Designation",
   "options": "Designation"
  },
  {
   "fetch_from": "employee_name.biometric_id",
   "fieldname": "biometric_id",
   "fieldtype": "Data",
   "in_list_view": 1,
   "label": "Biometric ID"
  },
  {
   "fetch_from": "employee_name.employee_category",
   "fieldname": "employee_category",
   "fieldtype": "Select",
   "in_list_view": 1,
   "label": "Employee Category",
   "options": "\nFactory\nContractor"
  }
 ],
 "index_web_pages_for_search": 1,
 "istable": 1,
 "links": [],
 "modified": "2023-03-09 17:21:55.302775",
 "modified_by": "Administrator",
 "module": "HR VentureForce Global",
 "name": "Employee Shift Transfer CT",
 "naming_rule": "Autoincrement",
 "owner": "Administrator",
 "permissions": [],
 "sort_field": "modified",
 "sort_order": "DESC",
 "states": []
}