{
 "actions": [],
 "autoname": "autoincrement",
 "creation": "2024-01-17 21:48:36.255455",
 "doctype": "DocType",
 "editable_grid": 1,
 "engine": "InnoDB",
 "field_order": [
  "employee",
  "employee_name",
  "designation",
  "actual_overtime",
  "approved_overtime",
  "reason",
  "att_ref",
  "att_child_ref"
 ],
 "fields": [
  {
   "fieldname": "employee",
   "fieldtype": "Link",
   "in_list_view": 1,
   "label": "Employee",
   "options": "Employee",
   "reqd": 1
  },
  {
   "fetch_from": "employee.employee_name",
   "fieldname": "employee_name",
   "fieldtype": "Data",
   "in_list_view": 1,
   "label": "Employee Name",
   "read_only": 1
  },
  {
   "fetch_from": "employee.designation",
   "fieldname": "designation",
   "fieldtype": "Data",
   "in_list_view": 1,
   "label": "Designation",
   "read_only": 1
  },
  {
   "fieldname": "actual_overtime",
   "fieldtype": "Data",
   "in_list_view": 1,
   "label": "Actual Overtime",
   "read_only": 1
  },
  {
   "fieldname": "approved_overtime",
   "fieldtype": "Time",
   "in_list_view": 1,
   "label": "Approved Overtime"
  },
  {
   "fieldname": "reason",
   "fieldtype": "Data",
   "in_list_view": 1,
   "label": "Reason"
  },
  {
   "fieldname": "att_ref",
   "fieldtype": "Data",
   "label": "Att Ref",
   "read_only": 1
  },
  {
   "fieldname": "att_child_ref",
   "fieldtype": "Data",
   "label": "Att Child Ref",
   "read_only": 1
  }
 ],
 "index_web_pages_for_search": 1,
 "istable": 1,
 "links": [],
 "modified": "2024-01-18 09:21:31.098984",
 "modified_by": "Administrator",
 "module": "HR VentureForce Global",
 "name": "Overtime Form CT",
 "naming_rule": "Autoincrement",
 "owner": "Administrator",
 "permissions": [],
 "sort_field": "modified",
 "sort_order": "DESC",
 "states": []
}