{
 "actions": [],
 "allow_rename": 1,
 "creation": "2023-04-28 13:54:17.824686",
 "doctype": "DocType",
 "editable_grid": 1,
 "engine": "InnoDB",
 "field_order": [
  "job_description"
 ],
 "fields": [
  {
   "fieldname": "job_description",
   "fieldtype": "Small Text",
   "in_list_view": 1,
   "label": "Job Description"
  }
 ],
 "index_web_pages_for_search": 1,
 "istable": 1,
 "links": [],
 "modified": "2023-04-28 13:54:17.824686",
 "modified_by": "Administrator",
 "module": "HR VentureForce Global",
 "name": "Manpower Job Description",
 "owner": "Administrator",
 "permissions": [],
 "sort_field": "modified",
 "sort_order": "DESC"
}