{
 "actions": [],
 "allow_rename": 1,
 "creation": "2023-04-01 15:26:29.024721",
 "doctype": "DocType",
 "editable_grid": 1,
 "engine": "InnoDB",
 "field_order": [
  "ip",
  "port",
  "user",
  "password",
  "type"
 ],
 "fields": [
  {
   "fieldname": "ip",
   "fieldtype": "Data",
   "in_list_view": 1,
   "label": "IP",
   "reqd": 1
  },
  {
   "fieldname": "port",
   "fieldtype": "Data",
   "in_list_view": 1,
   "label": "Port",
   "reqd": 1
  },
  {
   "fieldname": "user",
   "fieldtype": "Data",
   "in_list_view": 1,
   "label": "User"
  },
  {
   "fieldname": "password",
   "fieldtype": "Data",
   "in_list_view": 1,
   "label": "Password"
  },
  {
   "fieldname": "type",
   "fieldtype": "Select",
   "in_list_view": 1,
   "label": "Type",
   "options": "\nIn\nOut\nBoth",
   "reqd": 1
  }
 ],
 "index_web_pages_for_search": 1,
 "istable": 1,
 "links": [],
 "modified": "2023-04-06 11:38:23.403961",
 "modified_by": "Administrator",
 "module": "HR VentureForce Global",
 "name": "Attendance Machine",
 "owner": "Administrator",
 "permissions": [],
 "sort_field": "modified",
 "sort_order": "DESC"
}