{
 "actions": [],
 "allow_rename": 1,
 "creation": "2023-04-12 06:22:05.623174",
 "doctype": "DocType",
 "editable_grid": 1,
 "engine": "InnoDB",
 "field_order": [
  "hours",
  "amount"
 ],
 "fields": [
  {
   "description": "Hours",
   "fieldname": "hours",
   "fieldtype": "Float",
   "in_list_view": 1,
   "label": "Late Sitting Hours",
   "reqd": 1
  },
  {
   "fieldname": "amount",
   "fieldtype": "Currency",
   "in_list_view": 1,
   "label": "Amount",
   "reqd": 1
  }
 ],
 "index_web_pages_for_search": 1,
 "istable": 1,
 "links": [],
 "modified": "2023-04-12 06:24:02.714143",
 "modified_by": "Administrator",
 "module": "HR VentureForce Global",
 "name": "Overtime Slab CT",
 "owner": "Administrator",
 "permissions": [],
 "sort_field": "modified",
 "sort_order": "DESC"
}