{
 "allow_copy": 0,
 "allow_events_in_timeline": 0,
 "allow_guest_to_view": 0,
 "allow_import": 0,
 "allow_rename": 0,
 "autoname": "ICL.#####",
 "beta": 0,
 "creation": "2020-05-12 10:08:08.354018",
 "custom": 0,
 "docstatus": 0,
 "doctype": "DocType",
 "document_type": "",
 "editable_grid": 1,
 "engine": "InnoDB",
 "fields": [
  {
   "allow_bulk_edit": 0,
   "allow_in_quick_entry": 0,
   "allow_on_submit": 0,
   "bold": 0,
   "collapsible": 0,
   "columns": 0,
   "fetch_if_empty": 0,
   "fieldname": "date_of_interview",
   "fieldtype": "Date",
   "hidden": 0,
   "ignore_user_permissions": 0,
   "ignore_xss_filter": 0,
   "in_filter": 0,
   "in_global_search": 0,
   "in_list_view": 1,
   "in_standard_filter": 1,
   "label": "Date of Interview",
   "length": 0,
   "no_copy": 0,
   "permlevel": 0,
   "precision": "",
   "print_hide": 0,
   "print_hide_if_no_value": 0,
   "read_only": 0,
   "remember_last_selected_value": 0,
   "report_hide": 0,
   "reqd": 0,
   "search_index": 1,
   "set_only_once": 0,
   "translatable": 0,
   "unique": 0
  },
  {
   "allow_bulk_edit": 0,
   "allow_in_quick_entry": 0,
   "allow_on_submit": 0,
   "bold": 0,
   "collapsible": 0,
   "columns": 0,
   "fetch_if_empty": 0,
   "fieldname": "name_of_candidate",
   "fieldtype": "Data",
   "hidden": 0,
   "ignore_user_permissions": 0,
   "ignore_xss_filter": 0,
   "in_filter": 0,
   "in_global_search": 1,
   "in_list_view": 1,
   "in_standard_filter": 1,
   "label": "Name",
   "length": 0,
   "no_copy": 0,
   "permlevel": 0,
   "precision": "",
   "print_hide": 0,
   "print_hide_if_no_value": 0,
   "read_only": 0,
   "remember_last_selected_value": 0,
   "report_hide": 0,
   "reqd": 0,
   "search_index": 1,
   "set_only_once": 0,
   "translatable": 0,
   "unique": 0
  },
  {
   "allow_bulk_edit": 0,
   "allow_in_quick_entry": 0,
   "allow_on_submit": 0,
   "bold": 0,
   "collapsible": 0,
   "columns": 0,
   "fetch_if_empty": 0,
   "fieldname": "contact_no",
   "fieldtype": "Data",
   "hidden": 0,
   "ignore_user_permissions": 0,
   "ignore_xss_filter": 0,
   "in_filter": 0,
   "in_global_search": 0,
   "in_list_view": 0,
   "in_standard_filter": 0,
   "label": "Contact No#",
   "length": 0,
   "no_copy": 0,
   "permlevel": 0,
   "precision": "",
   "print_hide": 0,
   "print_hide_if_no_value": 0,
   "read_only": 0,
   "remember_last_selected_value": 0,
   "report_hide": 0,
   "reqd": 1,
   "search_index": 0,
   "set_only_once": 0,
   "translatable": 0,
   "unique": 0
  },
  {
   "allow_bulk_edit": 0,
   "allow_in_quick_entry": 0,
   "allow_on_submit": 0,
   "bold": 0,
   "collapsible": 0,
   "columns": 0,
   "fetch_if_empty": 0,
   "fieldname": "email_address",
   "fieldtype": "Data",
   "hidden": 0,
   "ignore_user_permissions": 0,
   "ignore_xss_filter": 0,
   "in_filter": 0,
   "in_global_search": 0,
   "in_list_view": 0,
   "in_standard_filter": 0,
   "label": "Email Address",
   "length": 0,
   "no_copy": 0,
   "permlevel": 0,
   "precision": "",
   "print_hide": 0,
   "print_hide_if_no_value": 0,
   "read_only": 0,
   "remember_last_selected_value": 0,
   "report_hide": 0,
   "reqd": 0,
   "search_index": 0,
   "set_only_once": 0,
   "translatable": 0,
   "unique": 0
  },
  {
   "allow_bulk_edit": 0,
   "allow_in_quick_entry": 0,
   "allow_on_submit": 0,
   "bold": 0,
   "collapsible": 0,
   "columns": 0,
   "fetch_if_empty": 0,
   "fieldname": "cnic",
   "fieldtype": "Data",
   "hidden": 0,
   "ignore_user_permissions": 0,
   "ignore_xss_filter": 0,
   "in_filter": 0,
   "in_global_search": 0,
   "in_list_view": 0,
   "in_standard_filter": 0,
   "label": "CNIC",
   "length": 0,
   "no_copy": 0,
   "permlevel": 0,
   "precision": "",
   "print_hide": 0,
   "print_hide_if_no_value": 0,
   "read_only": 0,
   "remember_last_selected_value": 0,
   "report_hide": 0,
   "reqd": 0,
   "search_index": 0,
   "set_only_once": 0,
   "translatable": 0,
   "unique": 0
  },
  {
   "allow_bulk_edit": 0,
   "allow_in_quick_entry": 0,
   "allow_on_submit": 0,
   "bold": 0,
   "collapsible": 0,
   "columns": 0,
   "fetch_if_empty": 0,
   "fieldname": "position_applied_for",
   "fieldtype": "Link",
   "hidden": 0,
   "ignore_user_permissions": 0,
   "ignore_xss_filter": 0,
   "in_filter": 0,
   "in_global_search": 0,
   "in_list_view": 0,
   "in_standard_filter": 0,
   "label": "Position Applied For",
   "length": 0,
   "no_copy": 0,
   "options": "Designation",
   "permlevel": 0,
   "precision": "",
   "print_hide": 0,
   "print_hide_if_no_value": 0,
   "read_only": 0,
   "remember_last_selected_value": 0,
   "report_hide": 0,
   "reqd": 0,
   "search_index": 0,
   "set_only_once": 0,
   "translatable": 0,
   "unique": 0
  },
  {
   "allow_bulk_edit": 0,
   "allow_in_quick_entry": 0,
   "allow_on_submit": 0,
   "bold": 0,
   "collapsible": 0,
   "columns": 0,
   "fetch_if_empty": 0,
   "fieldname": "position_called_for",
   "fieldtype": "Link",
   "hidden": 0,
   "ignore_user_permissions": 0,
   "ignore_xss_filter": 0,
   "in_filter": 0,
   "in_global_search": 0,
   "in_list_view": 0,
   "in_standard_filter": 0,
   "label": "Position Called For",
   "length": 0,
   "no_copy": 0,
   "options": "Designation",
   "permlevel": 0,
   "precision": "",
   "print_hide": 0,
   "print_hide_if_no_value": 0,
   "read_only": 0,
   "remember_last_selected_value": 0,
   "report_hide": 0,
   "reqd": 0,
   "search_index": 0,
   "set_only_once": 0,
   "translatable": 0,
   "unique": 0
  },
  {
   "allow_bulk_edit": 0,
   "allow_in_quick_entry": 0,
   "allow_on_submit": 0,
   "bold": 0,
   "collapsible": 0,
   "columns": 0,
   "fetch_if_empty": 0,
   "fieldname": "interview_result",
   "fieldtype": "Select",
   "hidden": 0,
   "ignore_user_permissions": 0,
   "ignore_xss_filter": 0,
   "in_filter": 0,
   "in_global_search": 0,
   "in_list_view": 1,
   "in_standard_filter": 1,
   "label": "Interview",
   "length": 0,
   "no_copy": 0,
   "options": "Hasn't Given Interview\nHas Given Interview",
   "permlevel": 0,
   "precision": "",
   "print_hide": 0,
   "print_hide_if_no_value": 0,
   "read_only": 0,
   "remember_last_selected_value": 0,
   "report_hide": 0,
   "reqd": 0,
   "search_index": 1,
   "set_only_once": 0,
   "translatable": 0,
   "unique": 0
  },
  {
   "allow_bulk_edit": 0,
   "allow_in_quick_entry": 0,
   "allow_on_submit": 0,
   "bold": 0,
   "collapsible": 0,
   "columns": 0,
   "fetch_if_empty": 0,
   "fieldname": "apply_for_test",
   "fieldtype": "Button",
   "hidden": 0,
   "ignore_user_permissions": 0,
   "ignore_xss_filter": 0,
   "in_filter": 0,
   "in_global_search": 0,
   "in_list_view": 1,
   "in_standard_filter": 1,
   "label": "Interview",
   "length": 0,
   "no_copy": 0,
   "permlevel": 0,
   "precision": "",
   "print_hide": 0,
   "print_hide_if_no_value": 0,
   "read_only": 0,
   "remember_last_selected_value": 0,
   "report_hide": 0,
   "reqd": 0,
   "search_index": 1,
   "set_only_once": 0,
   "translatable": 0,
   "unique": 0
  },
  {
   "allow_bulk_edit": 0,
   "allow_in_quick_entry": 0,
   "allow_on_submit": 0,
   "bold": 0,
   "collapsible": 0,
   "columns": 0,
   "fetch_if_empty": 0,
   "fieldname": "column_break_10",
   "fieldtype": "Column Break",
   "hidden": 0,
   "ignore_user_permissions": 0,
   "ignore_xss_filter": 0,
   "in_filter": 0,
   "in_global_search": 0,
   "in_list_view": 0,
   "in_standard_filter": 0,
   "length": 0,
   "no_copy": 0,
   "permlevel": 0,
   "precision": "",
   "print_hide": 0,
   "print_hide_if_no_value": 0,
   "read_only": 0,
   "remember_last_selected_value": 0,
   "report_hide": 0,
   "reqd": 0,
   "search_index": 0,
   "set_only_once": 0,
   "translatable": 0,
   "unique": 0
  },
  {
   "allow_bulk_edit": 0,
   "allow_in_quick_entry": 0,
   "allow_on_submit": 0,
   "bold": 0,
   "collapsible": 0,
   "columns": 0,
   "fetch_if_empty": 0,
   "fieldname": "unit",
   "fieldtype": "Link",
   "hidden": 0,
   "ignore_user_permissions": 0,
   "ignore_xss_filter": 0,
   "in_filter": 0,
   "in_global_search": 0,
   "in_list_view": 0,
   "in_standard_filter": 0,
   "label": "Unit",
   "length": 0,
   "no_copy": 0,
   "options": "Branch",
   "permlevel": 0,
   "precision": "",
   "print_hide": 0,
   "print_hide_if_no_value": 0,
   "read_only": 0,
   "remember_last_selected_value": 0,
   "report_hide": 0,
   "reqd": 1,
   "search_index": 0,
   "set_only_once": 0,
   "translatable": 0,
   "unique": 0
  },
  {
   "allow_bulk_edit": 0,
   "allow_in_quick_entry": 0,
   "allow_on_submit": 0,
   "bold": 0,
   "collapsible": 0,
   "columns": 0,
   "fetch_if_empty": 0,
   "fieldname": "department",
   "fieldtype": "Link",
   "hidden": 0,
   "ignore_user_permissions": 0,
   "ignore_xss_filter": 0,
   "in_filter": 0,
   "in_global_search": 0,
   "in_list_view": 0,
   "in_standard_filter": 0,
   "label": "Department",
   "length": 0,
   "no_copy": 0,
   "options": "Department",
   "permlevel": 0,
   "precision": "",
   "print_hide": 0,
   "print_hide_if_no_value": 0,
   "read_only": 0,
   "remember_last_selected_value": 0,
   "report_hide": 0,
   "reqd": 1,
   "search_index": 0,
   "set_only_once": 0,
   "translatable": 0,
   "unique": 0
  },
  {
   "allow_bulk_edit": 0,
   "allow_in_quick_entry": 0,
   "allow_on_submit": 0,
   "bold": 0,
   "collapsible": 0,
   "columns": 0,
   "fetch_if_empty": 0,
   "fieldname": "call_status",
   "fieldtype": "Data",
   "hidden": 0,
   "ignore_user_permissions": 0,
   "ignore_xss_filter": 0,
   "in_filter": 0,
   "in_global_search": 0,
   "in_list_view": 0,
   "in_standard_filter": 0,
   "label": "Call Status",
   "length": 0,
   "no_copy": 0,
   "permlevel": 0,
   "precision": "",
   "print_hide": 0,
   "print_hide_if_no_value": 0,
   "read_only": 0,
   "remember_last_selected_value": 0,
   "report_hide": 0,
   "reqd": 0,
   "search_index": 0,
   "set_only_once": 0,
   "translatable": 0,
   "unique": 0
  },
  {
   "allow_bulk_edit": 0,
   "allow_in_quick_entry": 0,
   "allow_on_submit": 0,
   "bold": 0,
   "collapsible": 0,
   "columns": 0,
   "fetch_if_empty": 0,
   "fieldname": "interview_status",
   "fieldtype": "Select",
   "hidden": 0,
   "ignore_user_permissions": 0,
   "ignore_xss_filter": 0,
   "in_filter": 0,
   "in_global_search": 0,
   "in_list_view": 0,
   "in_standard_filter": 0,
   "label": "Interview Status",
   "length": 0,
   "no_copy": 0,
   "options": "Select\nAppeared\nNon Appeared",
   "permlevel": 0,
   "precision": "",
   "print_hide": 0,
   "print_hide_if_no_value": 0,
   "read_only": 0,
   "remember_last_selected_value": 0,
   "report_hide": 0,
   "reqd": 0,
   "search_index": 0,
   "set_only_once": 0,
   "translatable": 0,
   "unique": 0
  },
  {
   "allow_bulk_edit": 0,
   "allow_in_quick_entry": 0,
   "allow_on_submit": 0,
   "bold": 0,
   "collapsible": 0,
   "columns": 0,
   "fetch_if_empty": 0,
   "fieldname": "after_interview_remarks",
   "fieldtype": "Data",
   "hidden": 0,
   "ignore_user_permissions": 0,
   "ignore_xss_filter": 0,
   "in_filter": 0,
   "in_global_search": 0,
   "in_list_view": 0,
   "in_standard_filter": 0,
   "label": "After Interview Remarks",
   "length": 0,
   "no_copy": 0,
   "permlevel": 0,
   "precision": "",
   "print_hide": 0,
   "print_hide_if_no_value": 0,
   "read_only": 0,
   "remember_last_selected_value": 0,
   "report_hide": 0,
   "reqd": 0,
   "search_index": 0,
   "set_only_once": 0,
   "translatable": 0,
   "unique": 0
  },
  {
   "allow_bulk_edit": 0,
   "allow_in_quick_entry": 0,
   "allow_on_submit": 0,
   "bold": 0,
   "collapsible": 0,
   "columns": 0,
   "fetch_if_empty": 0,
   "fieldname": "recall",
   "fieldtype": "Data",
   "hidden": 0,
   "ignore_user_permissions": 0,
   "ignore_xss_filter": 0,
   "in_filter": 0,
   "in_global_search": 0,
   "in_list_view": 0,
   "in_standard_filter": 0,
   "label": "Recall",
   "length": 0,
   "no_copy": 0,
   "permlevel": 0,
   "precision": "",
   "print_hide": 0,
   "print_hide_if_no_value": 0,
   "read_only": 0,
   "remember_last_selected_value": 0,
   "report_hide": 0,
   "reqd": 0,
   "search_index": 0,
   "set_only_once": 0,
   "translatable": 0,
   "unique": 0
  },
  {
   "allow_bulk_edit": 0,
   "allow_in_quick_entry": 0,
   "allow_on_submit": 0,
   "bold": 0,
   "collapsible": 0,
   "columns": 0,
   "fetch_if_empty": 0,
   "fieldname": "final_decision",
   "fieldtype": "Data",
   "hidden": 0,
   "ignore_user_permissions": 0,
   "ignore_xss_filter": 0,
   "in_filter": 0,
   "in_global_search": 0,
   "in_list_view": 0,
   "in_standard_filter": 0,
   "label": "Final Decision",
   "length": 0,
   "no_copy": 0,
   "permlevel": 0,
   "precision": "",
   "print_hide": 0,
   "print_hide_if_no_value": 0,
   "read_only": 0,
   "remember_last_selected_value": 0,
   "report_hide": 0,
   "reqd": 0,
   "search_index": 0,
   "set_only_once": 0,
   "translatable": 0,
   "unique": 0
  },
  {
   "allow_bulk_edit": 0,
   "allow_in_quick_entry": 0,
   "allow_on_submit": 0,
   "bold": 0,
   "collapsible": 0,
   "columns": 0,
   "fetch_if_empty": 0,
   "fieldname": "reason_of_rejection",
   "fieldtype": "Data",
   "hidden": 0,
   "ignore_user_permissions": 0,
   "ignore_xss_filter": 0,
   "in_filter": 0,
   "in_global_search": 0,
   "in_list_view": 0,
   "in_standard_filter": 0,
   "label": "Reason of Rejection",
   "length": 0,
   "no_copy": 0,
   "permlevel": 0,
   "precision": "",
   "print_hide": 0,
   "print_hide_if_no_value": 0,
   "read_only": 0,
   "remember_last_selected_value": 0,
   "report_hide": 0,
   "reqd": 0,
   "search_index": 0,
   "set_only_once": 0,
   "translatable": 0,
   "unique": 0
  },
  {
   "allow_bulk_edit": 0,
   "allow_in_quick_entry": 0,
   "allow_on_submit": 0,
   "bold": 0,
   "collapsible": 0,
   "columns": 0,
   "default": "HR",
   "fetch_if_empty": 0,
   "fieldname": "exam_name",
   "fieldtype": "Select",
   "hidden": 1,
   "ignore_user_permissions": 0,
   "ignore_xss_filter": 0,
   "in_filter": 0,
   "in_global_search": 0,
   "in_list_view": 0,
   "in_standard_filter": 0,
   "label": "exam_name",
   "length": 0,
   "no_copy": 0,
   "options": "HR",
   "permlevel": 0,
   "precision": "",
   "print_hide": 0,
   "print_hide_if_no_value": 0,
   "read_only": 0,
   "remember_last_selected_value": 0,
   "report_hide": 0,
   "reqd": 0,
   "search_index": 0,
   "set_only_once": 0,
   "translatable": 0,
   "unique": 0
  }
 ],
 "has_web_view": 0,
 "hide_heading": 0,
 "hide_toolbar": 0,
 "idx": 0,
 "image_view": 0,
 "in_create": 0,
 "is_submittable": 0,
 "issingle": 0,
 "istable": 1,
 "max_attachments": 0,
 "modified": "2020-05-12 10:40:56.956030",
 "modified_by": "Administrator",
 "module": "HR VentureForce Global",
 "name": "Interview Call Logs",
 "name_case": "Title Case",
 "owner": "Administrator",
 "permissions": [],
 "quick_entry": 1,
 "read_only": 0,
 "read_only_onload": 0,
 "show_name_in_global_search": 0,
 "sort_field": "modified",
 "sort_order": "DESC",
 "track_changes": 1,
 "track_seen": 0,
 "track_views": 0
}