{
 "actions": [],
 "creation": "2022-04-12 18:01:36.638847",
 "doctype": "DocType",
 "editable_grid": 1,
 "engine": "InnoDB",
 "field_order": [
  "date",
  "checkin",
  "checkout",
  "actual_over_time",
  "adjusted_over_time",
  "reason"
 ],
 "fields": [
  {
   "columns": 2,
   "fieldname": "adjusted_over_time",
   "fieldtype": "Time",
   "in_list_view": 1,
   "label": "Adjusted Over Time"
  },
  {
   "columns": 2,
   "fieldname": "date",
   "fieldtype": "Date",
   "in_list_view": 1,
   "label": "Date"
  },
  {
   "columns": 4,
   "fieldname": "reason",
   "fieldtype": "Data",
   "in_list_view": 1,
   "label": "Reason",
   "reqd": 1
  },
  {
   "fieldname": "checkin",
   "fieldtype": "Data",
   "label": "Checkin",
   "read_only": 1
  },
  {
   "fieldname": "checkout",
   "fieldtype": "Data",
   "label": "Checkout",
   "read_only": 1
  },
  {
   "columns": 2,
   "fieldname": "actual_over_time",
   "fieldtype": "Time",
   "in_list_view": 1,
   "label": "Actual Over Time",
   "read_only": 1
  }
 ],
 "istable": 1,
 "links": [],
 "modified": "2023-02-08 07:34:08.003689",
 "modified_by": "Administrator",
 "module": "HR VentureForce Global",
 "name": "Over Time CT",
 "owner": "Administrator",
 "permissions": [],
 "sort_field": "modified",
 "sort_order": "DESC",
 "track_changes": 1
}