{
 "actions": [],
 "allow_rename": 1,
 "creation": "2023-07-15 16:33:27.592039",
 "doctype": "DocType",
 "editable_grid": 1,
 "engine": "InnoDB",
 "field_order": [
  "actual_hours",
  "counted_hours"
 ],
 "fields": [
  {
   "fieldname": "actual_hours",
   "fieldtype": "Float",
   "in_list_view": 1,
   "label": "Actual Hours",
   "non_negative": 1,
   "reqd": 1
  },
  {
   "fieldname": "counted_hours",
   "fieldtype": "Float",
   "in_list_view": 1,
   "label": "Counted Hours",
   "non_negative": 1,
   "reqd": 1
  }
 ],
 "index_web_pages_for_search": 1,
 "istable": 1,
 "links": [],
 "modified": "2023-07-15 16:33:27.592039",
 "modified_by": "Administrator",
 "module": "HR VentureForce Global",
 "name": "Late Early Slab CT",
 "owner": "Administrator",
 "permissions": [],
 "sort_field": "modified",
 "sort_order": "DESC"
}