{
 "custom_fields": [
  {
   "_assign": null,
   "_comments": null,
   "_liked_by": null,
   "_user_tags": null,
   "allow_in_quick_entry": 0,
   "allow_on_submit": 0,
   "bold": 0,
   "collapsible": 0,
   "collapsible_depends_on": null,
   "columns": 0,
   "creation": "2023-10-05 09:50:16.700813",
   "default": null,
   "depends_on": null,
   "description": null,
   "docstatus": 0,
   "dt": "Holiday",
   "fetch_from": null,
   "fetch_if_empty": 0,
   "fieldname": "public_holiday",
   "fieldtype": "Check",
   "hidden": 0,
   "hide_border": 0,
   "hide_days": 0,
   "hide_seconds": 0,
   "idx": 3,
   "ignore_user_permissions": 0,
   "ignore_xss_filter": 0,
   "in_global_search": 0,
   "in_list_view": 0,
   "in_preview": 0,
   "in_standard_filter": 0,
   "insert_after": "weekly_off",
   "is_system_generated": 0,
   "is_virtual": 0,
   "label": "Public Holiday",
   "length": 0,
   "mandatory_depends_on": null,
   "modified": "2023-10-05 09:50:16.700813",
   "modified_by": "Administrator",
   "module": null,
   "name": "Holiday-public_holiday",
   "no_copy": 0,
   "non_negative": 0,
   "options": null,
   "owner": "Administrator",
   "permlevel": 0,
   "precision": "",
   "print_hide": 0,
   "print_hide_if_no_value": 0,
   "print_width": null,
   "read_only": 0,
   "read_only_depends_on": null,
   "report_hide": 0,
   "reqd": 0,
   "search_index": 0,
   "translatable": 0,
   "unique": 0,
   "width": null
  }
 ],
 "custom_perms": [],
 "doctype": "Holiday",
 "links": [],
 "property_setters": [],
 "sync_on_migrate": 1
}