{
 "custom_fields": [
  {
   "_assign": null,
   "_comments": null,
   "_liked_by": null,
   "_user_tags": null,
   "allow_in_quick_entry": 0,
   "allow_on_submit": 0,
   "bold": 0,
   "collapsible": 0,
   "collapsible_depends_on": null,
   "columns": 0,
   "creation": "2023-04-04 12:46:16.280506",
   "default": null,
   "depends_on": null,
   "description": null,
   "docstatus": 0,
   "dt": "Shift Day",
   "fetch_from": null,
   "fetch_if_empty": 0,
   "fieldname": "section_break_14",
   "fieldtype": "Section Break",
   "hidden": 0,
   "hide_border": 0,
   "hide_days": 0,
   "hide_seconds": 0,
   "idx": 17,
   "ignore_user_permissions": 0,
   "ignore_xss_filter": 0,
   "in_global_search": 0,
   "in_list_view": 0,
   "in_preview": 0,
   "in_standard_filter": 0,
   "insert_after": "minimum_hours_for_half_day",
   "label": null,
   "length": 0,
   "mandatory_depends_on": null,
   "modified": "2023-04-04 12:46:16.280506",
   "modified_by": "Administrator",
   "name": "Shift Day-section_break_14",
   "no_copy": 0,
   "non_negative": 0,
   "options": null,
   "owner": "Administrator",
   "parent": null,
   "parentfield": null,
   "parenttype": null,
   "permlevel": 0,
   "precision": "",
   "print_hide": 0,
   "print_hide_if_no_value": 0,
   "print_width": null,
   "read_only": 0,
   "read_only_depends_on": null,
   "report_hide": 0,
   "reqd": 0,
   "search_index": 0,
   "translatable": 0,
   "unique": 0,
   "width": null
  },
  {
   "_assign": null,
   "_comments": null,
   "_liked_by": null,
   "_user_tags": null,
   "allow_in_quick_entry": 0,
   "allow_on_submit": 0,
   "bold": 0,
   "collapsible": 0,
   "collapsible_depends_on": null,
   "columns": 0,
   "creation": "2023-04-04 12:46:16.443963",
   "default": null,
   "depends_on": null,
   "description": null,
   "docstatus": 0,
   "dt": "Shift Day",
   "fetch_from": null,
   "fetch_if_empty": 0,
   "fieldname": "column_break_16",
   "fieldtype": "Column Break",
   "hidden": 0,
   "hide_border": 0,
   "hide_days": 0,
   "hide_seconds": 0,
   "idx": 19,
   "ignore_user_permissions": 0,
   "ignore_xss_filter": 0,
   "in_global_search": 0,
   "in_list_view": 0,
   "in_preview": 0,
   "in_standard_filter": 0,
   "insert_after": "calculate_late_hours",
   "label": null,
   "length": 0,
   "mandatory_depends_on": null,
   "modified": "2023-04-04 12:46:16.443963",
   "modified_by": "Administrator",
   "name": "Shift Day-column_break_16",
   "no_copy": 0,
   "non_negative": 0,
   "options": null,
   "owner": "Administrator",
   "parent": null,
   "parentfield": null,
   "parenttype": null,
   "permlevel": 0,
   "precision": "",
   "print_hide": 0,
   "print_hide_if_no_value": 0,
   "print_width": null,
   "read_only": 0,
   "read_only_depends_on": null,
   "report_hide": 0,
   "reqd": 0,
   "search_index": 0,
   "translatable": 0,
   "unique": 0,
   "width": null
  },
  {
   "_assign": null,
   "_comments": null,
   "_liked_by": null,
   "_user_tags": null,
   "allow_in_quick_entry": 0,
   "allow_on_submit": 0,
   "bold": 0,
   "collapsible": 0,
   "collapsible_depends_on": null,
   "columns": 0,
   "creation": "2023-04-04 12:46:16.506685",
   "default": null,
   "depends_on": null,
   "description": null,
   "docstatus": 0,
   "dt": "Shift Day",
   "fetch_from": null,
   "fetch_if_empty": 0,
   "fieldname": "calculate_early_hours",
   "fieldtype": "Select",
   "hidden": 0,
   "hide_border": 0,
   "hide_days": 0,
   "hide_seconds": 0,
   "idx": 20,
   "ignore_user_permissions": 0,
   "ignore_xss_filter": 0,
   "in_global_search": 0,
   "in_list_view": 0,
   "in_preview": 0,
   "in_standard_filter": 0,
   "insert_after": "column_break_16",
   "label": "Calculate Early Hours",
   "length": 0,
   "mandatory_depends_on": null,
   "modified": "2023-04-04 12:46:16.506685",
   "modified_by": "Administrator",
   "name": "Shift Day-calculate_early_hours",
   "no_copy": 0,
   "non_negative": 0,
   "options": "\nShift End\nExit Grace Period",
   "owner": "Administrator",
   "parent": null,
   "parentfield": null,
   "parenttype": null,
   "permlevel": 0,
   "precision": "",
   "print_hide": 0,
   "print_hide_if_no_value": 0,
   "print_width": null,
   "read_only": 0,
   "read_only_depends_on": null,
   "report_hide": 0,
   "reqd": 0,
   "search_index": 0,
   "translatable": 1,
   "unique": 0,
   "width": null
  },
  {
   "_assign": null,
   "_comments": null,
   "_liked_by": null,
   "_user_tags": null,
   "allow_in_quick_entry": 0,
   "allow_on_submit": 0,
   "bold": 0,
   "collapsible": 0,
   "collapsible_depends_on": null,
   "columns": 0,
   "creation": "2023-04-04 15:20:02.284996",
   "default": null,
   "depends_on": null,
   "description": null,
   "docstatus": 0,
   "dt": "Shift Day",
   "fetch_from": null,
   "fetch_if_empty": 0,
   "fieldname": "calculate_late_hours",
   "fieldtype": "Select",
   "hidden": 0,
   "hide_border": 0,
   "hide_days": 0,
   "hide_seconds": 0,
   "idx": 18,
   "ignore_user_permissions": 0,
   "ignore_xss_filter": 0,
   "in_global_search": 0,
   "in_list_view": 0,
   "in_preview": 0,
   "in_standard_filter": 0,
   "insert_after": "section_break_14",
   "label": "Calculate Late Hours",
   "length": 0,
   "mandatory_depends_on": null,
   "modified": "2023-04-04 15:20:02.284996",
   "modified_by": "Administrator",
   "name": "Shift Day-calculate_late_hours",
   "no_copy": 0,
   "non_negative": 0,
   "options": "\nShift Start\nLate Mark",
   "owner": "Administrator",
   "parent": null,
   "parentfield": null,
   "parenttype": null,
   "permlevel": 0,
   "precision": "",
   "print_hide": 0,
   "print_hide_if_no_value": 0,
   "print_width": null,
   "read_only": 0,
   "read_only_depends_on": null,
   "report_hide": 0,
   "reqd": 0,
   "search_index": 0,
   "translatable": 0,
   "unique": 0,
   "width": null
  },
  {
   "_assign": null,
   "_comments": null,
   "_liked_by": null,
   "_user_tags": null,
   "allow_in_quick_entry": 0,
   "allow_on_submit": 0,
   "bold": 0,
   "collapsible": 0,
   "collapsible_depends_on": null,
   "columns": 0,
   "creation": "2023-04-13 17:15:15.061420",
   "default": null,
   "depends_on": null,
   "description": null,
   "docstatus": 0,
   "dt": "Shift Day",
   "fetch_from": null,
   "fetch_if_empty": 0,
   "fieldname": "early_overtime_start",
   "fieldtype": "Time",
   "hidden": 0,
   "hide_border": 0,
   "hide_days": 0,
   "hide_seconds": 0,
   "idx": 1,
   "ignore_user_permissions": 0,
   "ignore_xss_filter": 0,
   "in_global_search": 0,
   "in_list_view": 0,
   "in_preview": 0,
   "in_standard_filter": 0,
   "insert_after": "day",
   "label": "Early Overtime Start",
   "length": 0,
   "mandatory_depends_on": null,
   "modified": "2023-04-13 17:15:15.061420",
   "modified_by": "Administrator",
   "name": "Shift Day-early_overtime_start",
   "no_copy": 0,
   "non_negative": 0,
   "options": null,
   "owner": "Administrator",
   "parent": null,
   "parentfield": null,
   "parenttype": null,
   "permlevel": 0,
   "precision": "",
   "print_hide": 0,
   "print_hide_if_no_value": 0,
   "print_width": null,
   "read_only": 0,
   "read_only_depends_on": null,
   "report_hide": 0,
   "reqd": 0,
   "search_index": 0,
   "translatable": 0,
   "unique": 0,
   "width": null
  },
  {
   "_assign": null,
   "_comments": null,
   "_liked_by": null,
   "_user_tags": null,
   "allow_in_quick_entry": 0,
   "allow_on_submit": 0,
   "bold": 0,
   "collapsible": 0,
   "collapsible_depends_on": null,
   "columns": 0,
   "creation": "2023-04-13 17:15:15.198278",
   "default": null,
   "depends_on": null,
   "description": null,
   "docstatus": 0,
   "dt": "Shift Day",
   "fetch_from": null,
   "fetch_if_empty": 0,
   "fieldname": "minimum_hours_for_absent",
   "fieldtype": "Float",
   "hidden": 0,
   "hide_border": 0,
   "hide_days": 0,
   "hide_seconds": 0,
   "idx": 12,
   "ignore_user_permissions": 0,
   "ignore_xss_filter": 0,
   "in_global_search": 0,
   "in_list_view": 0,
   "in_preview": 0,
   "in_standard_filter": 0,
   "insert_after": "minimum_hours_for_present",
   "label": "Minimum Hours for Absent",
   "length": 0,
   "mandatory_depends_on": null,
   "modified": "2023-04-13 17:15:15.198278",
   "modified_by": "Administrator",
   "name": "Shift Day-minimum_hours_for_absent",
   "no_copy": 0,
   "non_negative": 0,
   "options": null,
   "owner": "Administrator",
   "parent": null,
   "parentfield": null,
   "parenttype": null,
   "permlevel": 0,
   "precision": "",
   "print_hide": 0,
   "print_hide_if_no_value": 0,
   "print_width": null,
   "read_only": 0,
   "read_only_depends_on": null,
   "report_hide": 0,
   "reqd": 0,
   "search_index": 0,
   "translatable": 0,
   "unique": 0,
   "width": null
  }
 ],
 "custom_perms": [],
 "doctype": "Shift Day",
 "property_setters": [],
 "sync_on_migrate": 1
}